{
  "chart": {
    "title": "Installed wind energy capacity",
    "subtitle": "Cumulative installed wind energy capacity including both onshore and offshore wind sources, measured in gigawatts (GW).",
    "citation": "IRENA (2024)",
    "originalChartUrl": "https://ourworldindata.org/grapher/cumulative-installed-wind-energy-capacity-gigawatts?v=1&csvType=full&useColumnShortNames=false",
    "selection": [
      "Germany",
      "India",
      "Spain",
      "Italy",
      "Australia",
      "Japan"
    ]
  },
  "columns": {
    "Wind capacity (total) (GW)": {
      "titleShort": "Total wind capacity",
      "titleLong": "Total wind capacity",
      "descriptionShort": "Total wind (on- and off-grid) electricity installed capacity, measured in gigawatts. This includes onshore and offshore wind.",
      "descriptionKey": [],
      "shortUnit": "GW",
      "unit": "gigawatts",
      "timespan": "2000-2023",
      "type": "Numeric",
      "owidVariableId": 997389,
      "shortName": "wind__total_gw",
      "lastUpdated": "2024-11-01",
      "nextUpdate": "2025-11-01",
      "citationShort": "IRENA (2024) – processed by Our World in Data",
      "citationLong": "IRENA (2024) – processed by Our World in Data. “Total wind capacity” [dataset]. IRENA, “Renewable Capacity Statistics” [original data].",
      "fullMetadata": "https://api.ourworldindata.org/v1/indicators/997389.metadata.json"
    }
  },
  "dateDownloaded": "2025-02-09",
  "activeFilters": {}
}