{
  "chart": {
    "title": "Installed solar energy capacity",
    "subtitle": "Cumulative installed solar capacity, measured in gigawatts (GW).",
    "citation": "IRENA (2024)",
    "originalChartUrl": "https://ourworldindata.org/grapher/installed-solar-pv-capacity?v=1&csvType=full&useColumnShortNames=false",
    "selection": [
      "World",
      "China",
      "India",
      "Spain",
      "Brazil",
      "Mexico",
      "Chile"
    ]
  },
  "columns": {
    "Solar capacity (total) (GW)": {
      "titleShort": "Total solar capacity",
      "titleLong": "Total solar capacity",
      "descriptionShort": "Total solar (on- and off-grid) electricity installed capacity, measured in gigawatts. This includes solar photovoltaic and concentrated solar power.",
      "descriptionKey": [],
      "shortUnit": "GW",
      "unit": "gigawatts",
      "timespan": "2000-2023",
      "type": "Numeric",
      "owidVariableId": 997384,
      "shortName": "solar__total_gw",
      "lastUpdated": "2024-11-01",
      "nextUpdate": "2025-11-01",
      "citationShort": "IRENA (2024) – processed by Our World in Data",
      "citationLong": "IRENA (2024) – processed by Our World in Data. “Total solar capacity” [dataset]. IRENA, “Renewable Capacity Statistics” [original data].",
      "fullMetadata": "https://api.ourworldindata.org/v1/indicators/997384.metadata.json"
    }
  },
  "dateDownloaded": "2025-02-09",
  "activeFilters": {}
}